page,SpeedIndex,totalBytes,TTFB,renderStart,numConnections,numDomElements,numDomains,numRedirects,uses_cdn,bytesCss,reqCss,bytesJS,reqJS,bytesImg,reqImg,bytesFont,reqFont,bytesHtml,reqHtml,bytesJSON,reqJSON,reqTotal,gzipSavings,maxDomainReqs,maxage0,maxage1,maxage30,maxage365,maxageMore,maxageNull,num_long_tasks,TotalBlockingTime,EvaluateScript,FunctionCall,Layout,image_savings,renderBlockingCSS,renderBlockingJS,FirstContentfulPaint,FirstImagePaint,FirstMeaningfulPaint,FirstPaint,LargestContentfulPaint,layout_shifts_count,loadEventDuration,dclDuration,_responses_200,_responses_404,_responses_other,analytics,ads,marketing,fonts_scripts,tagman,chat,img_missing_width,img_missing_height,img_lazy_count,svg_count,is_lcp_preloaded,scripts_total,scripts_inline,scripts_async,scripts_defer
https://ebillingcentre.amadeus.com/,2360,823477,800,100,7,92,1,2,False,217117,7,85757,6,92874,7,423964,1,3765,2,,,24,0,23,0,0,0,0,0,24,,,12.0,9.0,45.0,0.0,7.0,6.0,2252.0,2352.0,2252.0,0.0,,8.0,1.0,0.0,20.0,1.0,3.0,0,0,0,0,0,0,3,3,0,0,False,7.0,1.0,0.0,0.0
https://www.actubanque.fr/,4174,575442,2550,100,5,188,5,0,False,66121,17,104817,7,188507,11,204228,3,11769,1,,,39,0,31,0,0,0,5,31,3,1.0,46.0,17.0,9.0,109.0,0.0,17.0,4.0,3570.0,3570.0,3570.0,3528.0,,8.0,2.0,1.0,39.0,0.0,0.0,0,0,0,2,0,0,6,7,0,0,False,11.0,4.0,0.0,0.0
https://www.fortmillclinic.com/functional-medicine/,5161,4904177,430,100,24,401,17,1,False,107558,23,1604128,77,2826966,14,273008,9,91400,6,,,149,0,65,0,2,2,81,0,64,8.0,354.0,312.0,341.0,506.0,520880.0,21.0,1.0,1261.0,1462.0,1462.0,1136.0,,1.0,5.0,4.0,141.0,0.0,8.0,2,0,0,2,1,0,14,14,0,0,False,17.0,3.0,5.0,0.0
https://www.amfund.org/request-support/,1701,1303964,311,100,13,487,13,0,True,228902,41,669587,27,164080,7,209284,7,32111,2,,,87,77373,62,0,1,20,41,0,25,4.0,144.0,147.0,59.0,158.0,0.0,26.0,1.0,1308.0,1308.0,1308.0,1232.0,,10.0,1.0,0.0,84.0,0.0,3.0,2,0,0,2,0,0,0,0,0,0,False,40.0,2.0,0.0,38.0
https://www.prairiecinema.com/movies/264144-christy/,1024,2222444,317,100,20,346,14,5,True,42505,1,1832080,20,22363,7,95500,4,102441,7,,,77,0,43,0,1,1,5,0,70,10.0,391.0,543.0,819.0,80.0,1510.0,1.0,1.0,707.0,939.0,707.0,576.0,,,0.0,0.0,63.0,0.0,14.0,1,1,0,0,1,0,0,0,1,0,,18.0,6.0,12.0,1.0
https://drdolphin.jp/,5491,14693978,2100,100,24,700,15,1,False,410901,21,2120881,33,11997326,45,30896,2,112220,4,,,111,1086428,81,0,3,1,8,0,99,9.0,393.0,260.0,307.0,518.0,506806.0,18.0,5.0,5025.0,5025.0,5025.0,4916.0,,,2.0,24.0,108.0,0.0,3.0,2,0,0,2,0,0,23,23,0,12,False,52.0,21.0,10.0,1.0
https://www.gesbit.de/,2204,479881,1081,100,1,366,1,0,False,24774,3,48849,3,153951,13,246104,6,6203,1,,,26,0,25,0,2,18,6,0,0,,,7.0,12.0,61.0,3964.0,1.0,1.0,1701.0,1799.0,2082.0,1628.0,,3.0,0.0,2.0,26.0,0.0,0.0,0,0,0,0,0,0,0,0,3,0,False,4.0,1.0,2.0,1.0
https://www.aviation-photocrew.com/,1985,3144019,594,100,11,550,11,1,False,61047,3,946432,15,2015936,58,40128,1,79941,3,,,84,0,62,0,5,0,7,0,72,6.0,360.0,188.0,336.0,230.0,1353887.0,3.0,6.0,1485.0,1485.0,1485.0,1428.0,,2.0,14.0,0.0,81.0,1.0,2.0,0,0,0,0,0,0,3,3,0,0,False,9.0,2.0,1.0,0.0
https://philadelphiatransitvehicles.info/Gallery/,2140,281547,293,100,2,535,2,1,True,4394,2,49188,6,218103,22,0,0,9862,2,,,36,0,34,0,5,24,0,0,7,,,10.0,13.0,81.0,0.0,2.0,5.0,2019.0,2113.0,2113.0,484.0,,14.0,0.0,8.0,32.0,0.0,4.0,1,0,0,0,0,0,0,0,0,0,False,7.0,1.0,0.0,1.0
https://www.minifigs4u.com/,4393,4422311,924,100,11,821,10,0,True,97570,27,275782,31,3972477,31,68012,2,8470,3,,,94,0,30,0,6,51,2,10,25,2.0,57.0,58.0,30.0,128.0,2586797.0,27.0,26.0,2164.0,2164.0,2450.0,2028.0,,30.0,7.0,62.0,94.0,0.0,0.0,0,0,0,2,0,0,63,63,0,0,False,42.0,10.0,0.0,1.0
https://harlybarbershop.nearcut.es/,8571,3450799,663,100,21,344,15,1,False,283673,14,1111184,14,1050652,16,411516,5,93577,5,,,74,89786,20,0,3,2,7,0,62,17.0,1126.0,654.0,1168.0,267.0,0.0,14.0,7.0,4529.0,4529.0,4765.0,4504.0,,7.0,18.0,423.0,73.0,0.0,1.0,1,0,0,0,0,0,2,2,0,0,,16.0,5.0,2.0,0.0
https://muscomm.ru/tpost/anob2oorb1-kak-razvit-muzikalnii-sluh-vzroslomu-upr,4807,2432497,734,100,41,995,28,9,False,43428,14,1268775,58,920815,26,136784,5,47401,9,,,153,116579,43,0,25,3,49,0,76,10.0,1801.0,476.0,278.0,700.0,191505.0,10.0,9.0,3742.0,9704.0,3742.0,3648.0,,47.0,2.0,16.0,136.0,0.0,17.0,2,0,0,1,1,1,4,4,0,0,False,74.0,29.0,32.0,4.0
https://www.theyaleokc.com/,4377,2356698,280,100,12,796,10,0,False,179481,5,1331395,39,614001,6,174044,9,57694,1,,,65,42239,20,0,0,0,25,0,40,7.0,193.0,329.0,164.0,115.0,0.0,3.0,0.0,2335.0,3900.0,2422.0,2236.0,,1.0,1.0,100.0,64.0,0.0,1.0,1,0,0,1,0,0,2,2,34,0,,32.0,16.0,5.0,11.0
https://100pine.co/worlds_street_food.html,10399,2555887,592,100,8,212,6,0,False,205038,7,488512,10,1188583,15,662600,31,11154,1,,,65,221909,30,0,2,0,32,0,31,2.0,209.0,135.0,52.0,271.0,94393.0,7.0,5.0,5794.0,5794.0,5794.0,4620.0,,,6.0,246.0,63.0,1.0,1.0,1,0,0,0,0,0,11,19,0,0,False,13.0,3.0,5.0,0.0
https://stampbystampcreations.com/,1669,735162,457,200,9,932,10,4,False,34487,5,34599,6,547334,14,51603,2,67139,4,,,31,0,16,0,2,1,16,0,12,1.0,16.0,24.0,3.0,131.0,185584.0,5.0,0.0,1477.0,1477.0,1580.0,1320.0,,4.0,0.0,0.0,27.0,0.0,4.0,0,0,1,1,0,0,2,2,17,0,False,16.0,10.0,4.0,0.0
https://geospatial.psu.edu/,4562,3976402,625,100,32,656,22,13,False,456413,85,2400506,59,685229,11,117716,3,315669,24,,,191,361693,101,0,5,1,141,3,41,10.0,648.0,304.0,645.0,615.0,0.0,84.0,2.0,3597.0,4044.0,3597.0,3512.0,,1.0,2.0,51.0,175.0,0.0,16.0,1,1,0,2,0,0,3,3,14,0,False,28.0,2.0,5.0,2.0
https://staticsoundsclub.com/blog/,2798,16833289,465,100,17,1538,17,19,False,254936,16,3353896,32,12094308,51,166956,4,954855,40,,,239,0,94,0,29,14,49,1,146,72.0,6486.0,1051.0,5591.0,1133.0,1727941.0,12.0,1.0,1199.0,1335.0,2318.0,1112.0,,5.0,0.0,13.0,201.0,0.0,38.0,0,0,0,0,0,0,16,16,19,1,,,,,
https://networkchildcare.com/contact-us/,6254,1617666,3196,100,8,1025,8,0,True,222451,4,679909,20,481647,32,203548,5,19831,2,,,66,0,32,0,0,0,35,0,31,5.0,312.0,226.0,191.0,302.0,0.0,2.0,2.0,4646.0,4646.0,4646.0,4516.0,,2.0,3.0,2.0,65.0,0.0,1.0,2,0,0,1,0,0,83,83,0,1,False,40.0,20.0,4.0,3.0
https://ncct.gov.ph/,14785,16892290,1460,100,9,609,7,1,False,515538,16,2121690,24,14051223,39,120828,3,83011,2,,,85,1780379,68,0,4,0,7,0,74,4.0,178.0,92.0,25.0,152.0,7588493.0,14.0,5.0,3639.0,3639.0,3639.0,3512.0,,5.0,0.0,1.0,84.0,0.0,1.0,0,0,0,1,0,0,1,1,21,0,False,35.0,15.0,4.0,1.0
https://www.autoservicedelia.mercedes-benz.it/,6320,1545935,936,100,14,224,12,0,True,99930,23,971612,168,296805,20,111748,3,37421,4,,,241,2060,200,0,78,2,140,0,21,11.0,442.0,323.0,373.0,187.0,0.0,19.0,2.0,3208.0,3513.0,4922.0,2720.0,,3.0,0.0,0.0,236.0,0.0,5.0,1,1,1,0,1,0,0,0,0,0,,78.0,44.0,5.0,0.0
https://jarapahilacar.com/categoria-producto/tejido-alpujarreno/,2877,2456965,912,100,15,1071,11,0,True,81629,3,1888380,23,323198,26,69532,4,72095,3,,,65,94959,41,0,1,1,47,0,16,8.0,365.0,342.0,330.0,388.0,0.0,2.0,2.0,1968.0,1968.0,1968.0,1832.0,,32.0,13.0,11.0,63.0,0.0,2.0,1,0,1,1,1,0,0,1,0,1,False,43.0,28.0,7.0,2.0
https://stanev.net/819-posobiya-za-pochistvane,4382,2647507,2488,100,19,3950,15,2,True,111434,6,978646,19,1348495,92,174794,5,32898,4,,,135,43384,99,0,2,92,9,0,32,11.0,1016.0,374.0,385.0,677.0,229604.0,6.0,1.0,4108.0,4108.0,4198.0,4016.0,,63.0,4.0,449.0,130.0,0.0,5.0,4,0,0,0,1,0,186,186,0,0,False,66.0,47.0,13.0,1.0
https://ubereslegal.com/el-tribunal-municipal-de-faltas-de-rio-grande-cumple-con-lo-dispuesto-en-la-causa-martinez-leonardo-alberto-s-recurso-de-apelacion-art-23-inc-5-c-p/,2673,1127645,1047,200,3,715,3,0,False,143583,21,407500,45,9354,4,267488,8,17513,1,,,80,224070,72,0,0,0,6,0,74,1.0,10.0,102.0,17.0,130.0,0.0,20.0,2.0,2196.0,2196.0,2196.0,2036.0,,33.0,5.0,2.0,80.0,0.0,0.0,0,0,0,3,0,0,1,1,0,1,,58.0,14.0,3.0,2.0
https://thelocaltampa.com/,1423,1458725,451,100,17,1020,13,2,True,4551,1,719975,10,550300,19,0,0,170753,20,,,57,38732,31,0,1,2,1,0,53,5.0,158.0,258.0,249.0,123.0,233205.0,1.0,0.0,928.0,928.0,928.0,876.0,,,13.0,2.0,46.0,0.0,11.0,2,1,0,0,0,0,0,0,14,0,False,13.0,5.0,9.0,1.0
https://putkiwuorio.fi/yhteystiedot/,3456,1122824,1364,100,11,681,9,1,False,132294,32,587966,35,292489,20,77956,2,23458,4,,,97,0,58,0,12,0,71,0,14,2.0,26.0,198.0,133.0,168.0,30138.0,27.0,2.0,2689.0,2689.0,2791.0,2632.0,,4.0,0.0,5.0,95.0,0.0,2.0,2,0,0,0,0,0,0,0,26,0,False,29.0,12.0,4.0,0.0
https://www.zepf-medical-instruments.de/,2565,284647,1611,100,7,265,2,0,False,2932,2,164,1,276067,18,0,0,5484,1,,,22,0,20,0,0,0,0,0,22,,,0.0,3.0,26.0,0.0,2.0,1.0,2139.0,2301.0,2139.0,2052.0,,11.0,0.0,0.0,22.0,0.0,0.0,0,0,0,0,0,0,9,9,0,0,,1.0,0.0,0.0,0.0
https://ringdesign.suratdiamond.com/choose_your_diamond.aspx,3762,917057,1604,100,15,1771,13,4,False,101512,7,661119,20,109364,50,3076,1,32013,1,,,84,362932,57,0,1,25,9,0,49,3.0,191.0,103.0,102.0,180.0,23230.0,5.0,2.0,2425.0,2425.0,3071.0,2308.0,,11.0,4.0,194.0,76.0,0.0,8.0,2,0,0,1,0,1,22,22,0,0,,30.0,10.0,8.0,0.0
https://nses.chc.edu.tw/,4181,12037346,835,200,20,1064,14,3,False,168007,7,1406303,29,10203574,17,186876,4,71168,5,,,67,0,26,0,4,0,23,0,40,13.0,1241.0,459.0,469.0,678.0,3290157.0,6.0,4.0,2518.0,2518.0,2849.0,2420.0,,14.0,3.0,1.0,63.0,0.0,4.0,0,0,0,0,0,0,12,3,0,0,False,10.0,3.0,0.0,0.0
https://www.trailtrips.com.au/events-2,902,2631927,276,100,24,959,13,0,True,94735,6,1894039,142,226268,23,60148,4,236635,5,,,247,0,149,0,1,9,1,0,236,4.0,138.0,496.0,444.0,124.0,0.0,3.0,5.0,733.0,733.0,733.0,636.0,,7.0,0.0,1.0,205.0,0.0,42.0,0,0,1,0,0,0,20,20,0,0,False,97.0,48.0,59.0,2.0
https://mary.hwcdsb.ca/news/what_s_new/2025-2026_immunization_of_school_pupils_act,3951,1803708,2095,100,17,2010,16,5,True,98622,19,966409,41,536934,14,125424,2,76125,3,,,83,0,17,0,24,1,41,0,17,4.0,247.0,242.0,134.0,217.0,3953.0,16.0,6.0,3711.0,3711.0,3810.0,3620.0,,7.0,10.0,171.0,76.0,0.0,7.0,2,0,0,0,0,0,4,4,0,1,,58.0,19.0,7.0,1.0
https://ssjcollege.ac.in/about-us/,5760,6599832,790,100,9,1061,7,1,False,223711,68,542132,65,5283312,23,517136,9,33379,4,,,171,0,145,0,1,143,16,0,11,4.0,1316.0,197.0,131.0,252.0,1390049.0,60.0,8.0,2661.0,2661.0,2661.0,2520.0,,13.0,1214.0,1.0,169.0,0.0,2.0,0,0,0,2,0,0,28,28,12,0,False,66.0,16.0,4.0,3.0
https://borekair.com/,2532,815070,431,100,9,582,3,1,False,30551,4,58067,8,521732,14,83511,4,120299,2,,,34,0,27,0,1,0,26,0,7,,,25.0,21.0,9.0,22721.0,4.0,2.0,2083.0,2083.0,2083.0,1952.0,,1.0,0.0,0.0,33.0,0.0,1.0,0,0,1,0,1,0,2,2,0,0,False,9.0,3.0,3.0,0.0
https://adammontefiore.com/wine-consultant,1558,742578,303,100,2,653,2,0,True,127717,31,180906,24,110831,9,302808,6,20316,1,,,72,0,70,0,1,0,0,0,71,2.0,252.0,103.0,66.0,260.0,0.0,30.0,3.0,1123.0,1123.0,1624.0,1052.0,,31.0,0.0,2.0,71.0,0.0,1.0,1,0,0,0,0,1,10,10,6,0,False,29.0,11.0,1.0,2.0
https://www.coromarketing.it/,4168,4323261,1508,200,6,888,5,1,False,32249,10,1059762,14,1003137,9,178676,3,38895,3,,,42,24471119,28,0,1,0,2,0,39,7.0,448.0,196.0,260.0,435.0,550185.0,7.0,3.0,2770.0,2770.0,3012.0,2620.0,,10.0,31.0,13.0,37.0,1.0,4.0,2,0,0,1,0,0,0,0,47,0,False,29.0,14.0,9.0,0.0
https://www.hochmoelbinghuette.at/ubernachten/,10367,419987,4339,100,3,323,3,0,False,78352,17,135757,22,122860,3,68640,2,14378,1,,,45,0,41,0,0,0,2,0,43,1.0,22.0,45.0,40.0,115.0,0.0,14.0,0.0,9980.0,9980.0,9980.0,9856.0,,10.0,0.0,1.0,45.0,0.0,0.0,0,0,0,1,0,0,2,4,2,0,False,28.0,10.0,3.0,0.0
https://filmorchester.de/de/event/cody-fry-filmorchester-babelsberg,1675,565546,844,100,3,325,2,0,False,16557,3,137617,5,312593,6,83480,4,14748,1,,,20,29384,18,0,0,0,0,0,20,1.0,1.0,48.0,17.0,83.0,36389.0,1.0,0.0,1203.0,1353.0,1742.0,1068.0,,3.0,0.0,0.0,20.0,0.0,0.0,1,0,0,0,0,0,3,3,0,1,False,9.0,4.0,1.0,1.0
https://urban96.fm/,1761,2159952,431,100,10,269,10,6,True,23998,1,166128,6,1135585,66,123776,3,16652,3,,,90,0,61,0,4,0,8,36,42,2.0,117.0,84.0,113.0,204.0,0.0,1.0,2.0,1060.0,1127.0,1060.0,920.0,,24.0,1.0,33.0,54.0,3.0,33.0,2,0,0,0,0,0,6,6,0,0,False,8.0,2.0,3.0,1.0
https://nativapocos.com.br/,4286,5469247,1831,100,4,946,4,0,True,185350,37,585540,42,4312162,26,359556,7,26639,1,,,114,3395,109,0,0,0,16,91,7,3.0,151.0,160.0,113.0,253.0,18036.0,35.0,9.0,3675.0,3675.0,3675.0,3620.0,,11.0,4.0,0.0,113.0,0.0,1.0,1,0,0,2,0,0,0,0,67,0,False,57.0,18.0,0.0,1.0
https://dralexnicholls.com.au/,1583,2089864,442,100,17,438,12,0,True,114099,10,1403755,26,317954,11,186106,5,67914,6,,,61,0,32,0,2,1,8,0,50,7.0,211.0,290.0,292.0,312.0,51734.0,10.0,4.0,1279.0,1358.0,1450.0,1152.0,,17.0,4.0,1.0,60.0,0.0,1.0,1,0,0,1,1,0,1,1,5,0,False,33.0,10.0,10.0,0.0
https://www.colafix.com/,3720,2179819,1717,100,3,567,3,0,False,477128,18,494225,20,905523,19,289336,4,13607,1,,,62,740670,59,0,52,0,1,0,9,3.0,28.0,72.0,43.0,108.0,0.0,15.0,3.0,3100.0,3100.0,3369.0,3004.0,,4.0,0.0,1.0,62.0,0.0,0.0,0,0,0,1,0,1,53,53,11,0,False,22.0,6.0,2.0,0.0
https://businessdirect.att.com/,3279,622419,1026,200,1,343,1,0,True,33629,4,246067,7,310466,10,24604,1,7617,2,,,26,0,25,0,11,11,0,0,4,1.0,133.0,177.0,80.0,41.0,11100.0,3.0,4.0,2487.0,2487.0,2673.0,0.0,,15.0,1.0,1.0,24.0,0.0,2.0,1,0,0,0,0,0,6,6,0,0,False,11.0,4.0,1.0,1.0
https://payaba.ondakcs.com/c/contact-us,11796,6017373,497,200,8,91,5,0,False,155848,1,5354139,12,142539,3,180536,5,161500,4,,,33,3694321,23,0,3,0,2,0,28,7.0,310.0,80.0,341.0,126.0,0.0,0.0,0.0,10530.0,11484.0,11484.0,1308.0,,2.0,0.0,0.0,33.0,0.0,0.0,1,0,0,0,0,0,1,1,0,0,,7.0,1.0,4.0,0.0
https://www.yurimari-mental.com/eld/,3067,830394,1665,100,6,418,6,0,False,54161,6,313927,8,118886,28,330780,20,12640,1,,,64,0,38,0,0,1,58,0,5,5.0,364.0,163.0,42.0,517.0,0.0,2.0,0.0,2598.0,2709.0,2598.0,2540.0,,5.0,11.0,0.0,63.0,0.0,1.0,1,0,0,1,1,0,2,2,1,1,False,12.0,4.0,3.0,7.0
https://ivaccine.co.uk/common-vaccinations,2383,1128852,1056,100,14,1059,12,1,True,82311,38,776617,25,119671,8,123864,6,17672,5,,,93,0,63,0,4,0,66,0,23,5.0,170.0,349.0,196.0,281.0,0.0,29.0,4.0,2050.0,2050.0,2050.0,1932.0,,23.0,3.0,7.0,90.0,0.0,3.0,3,0,0,1,1,0,3,3,1,3,False,35.0,15.0,9.0,0.0
https://www.mapembed.net/google-maps-qr-code,2473,1221218,129,100,15,176,12,2,True,37433,4,896777,28,206155,18,40128,1,27227,9,,,71,19404,17,0,27,0,15,0,29,12.0,208.0,353.0,422.0,202.0,12053.0,2.0,0.0,832.0,832.0,832.0,736.0,,1.0,1.0,0.0,66.0,0.0,5.0,1,0,0,0,0,0,1,1,0,0,,12.0,2.0,4.0,7.0
https://nichecanvas.com/collections/best-sellers-1,9680,6966137,615,100,98,2361,68,8,True,91576,20,4893286,162,1448656,37,154150,6,278229,39,,,383,2052,124,0,18,28,31,0,306,29.0,1297.0,1398.0,1332.0,359.0,420273.0,5.0,6.0,1778.0,1778.0,1778.0,1712.0,,9.0,7.0,10.0,322.0,0.0,61.0,4,1,3,1,1,2,65,65,0,1,False,144.0,63.0,75.0,11.0
https://www.isleroyalewolf.org/,3487,1586824,290,100,9,725,7,0,False,180200,5,780743,16,526725,5,61964,3,37107,1,,,35,0,10,0,0,0,16,0,19,5.0,191.0,239.0,65.0,135.0,0.0,5.0,0.0,1602.0,1602.0,1797.0,1520.0,,25.0,2.0,90.0,35.0,0.0,0.0,0,0,0,1,0,0,2,2,12,0,False,26.0,14.0,2.0,12.0
https://mals.dartmouth.edu/news/2025/04/purloined-voices-paranoid-spaces-reading-poes-ratiocinative-tale-age-de-man-and-nixon,2005,1826292,890,100,38,837,32,8,True,101680,6,1051913,31,264154,16,379090,6,27233,8,,,84,103385,29,0,9,32,2,0,41,4.0,168.0,385.0,146.0,151.0,0.0,5.0,9.0,1887.0,1971.0,2178.0,1744.0,,6.0,21.0,39.0,73.0,0.0,11.0,4,0,1,0,1,1,0,0,0,0,False,,,,
https://casadestela.com/,2140,2381563,386,100,27,2501,17,1,True,86877,12,1664618,74,412825,11,117464,4,94933,9,,,127,0,73,0,8,21,10,0,88,7.0,209.0,485.0,446.0,378.0,0.0,2.0,0.0,947.0,947.0,947.0,844.0,,1.0,3.0,10.0,125.0,0.0,2.0,2,0,1,0,0,0,21,21,11,0,False,64.0,26.0,34.0,9.0
https://www.xplant.co.kr/,4606,3917180,1417,100,31,6878,22,1,False,82900,9,1927482,71,1439413,138,269064,11,77511,7,,,253,0,139,0,8,5,62,154,24,12.0,698.0,219.0,338.0,733.0,159262.0,3.0,18.0,2714.0,3000.0,3000.0,2628.0,,56.0,1.0,4.0,246.0,0.0,7.0,3,0,0,1,0,1,136,138,16,53,False,72.0,44.0,6.0,1.0
https://mariusm11.livejournal.com/54473.html,4618,7402414,2127,100,64,2815,57,42,False,1462143,4,5480858,93,199932,53,26004,1,224662,24,,,262,4210211,41,0,17,2,0,7,236,12.0,1206.0,987.0,647.0,527.0,66413.0,4.0,0.0,4100.0,4100.0,4100.0,4016.0,,11.0,1.0,284.0,199.0,2.0,61.0,3,1,0,2,0,0,27,27,3,11,,64.0,16.0,49.0,0.0
https://www.tobiano.com.py/maquinarias-agricolas-y-forestales,8613,2637259,1606,100,10,4406,3,0,False,794124,6,630935,2,317825,15,75649,2,64236,1,,,42,1551162,35,0,0,0,2,0,40,3.0,345.0,57.0,142.0,196.0,0.0,1.0,1.0,4725.0,4725.0,5021.0,4616.0,,16.0,225.0,0.0,42.0,0.0,0.0,0,0,0,1,0,1,18,30,0,24,False,57.0,55.0,24.0,0.0
https://www.grotto-networking.com/,1400,294314,368,200,4,98,1,0,False,169457,2,78129,1,43093,3,0,0,3635,1,,,7,199339,6,0,0,0,0,0,7,,,2.0,0.0,24.0,14673.0,2.0,0.0,1309.0,1309.0,1309.0,1112.0,,,1.0,0.0,6.0,1.0,0.0,0,0,0,0,0,0,2,2,0,0,,1.0,0.0,0.0,0.0
https://orawista-correction.fr/contact/,4968,1055553,2727,100,2,356,2,1,False,129189,29,293381,25,479421,3,130500,3,23062,2,,,63,0,61,0,0,0,0,0,63,2.0,40.0,95.0,78.0,118.0,0.0,25.0,3.0,3797.0,3797.0,5504.0,3712.0,,7.0,0.0,1.0,61.0,0.0,2.0,1,0,0,2,0,0,0,0,0,0,False,62.0,41.0,33.0,0.0
https://www.acemienextrusion.com/agent-recruitment/,2790,3199581,717,100,13,655,14,6,True,233069,19,834174,41,569831,30,1528840,8,23956,4,,,122,2184,81,0,3,0,78,0,41,6.0,582.0,322.0,224.0,597.0,11606.0,19.0,2.0,2212.0,2212.0,2529.0,2140.0,,14.0,14.0,23.0,106.0,3.0,13.0,3,0,0,0,0,1,20,20,0,0,False,59.0,19.0,14.0,1.0
https://www.vaminvestments.com/,13248,7743586,1765,100,10,841,8,0,False,429353,46,1808276,103,4081694,10,290828,6,68657,1,,,175,6862224,157,0,2,0,3,0,170,3.0,45.0,328.0,196.0,213.0,718234.0,40.0,3.0,3068.0,3068.0,3068.0,3016.0,,17.0,6.0,6.0,173.0,0.0,2.0,0,1,0,1,0,0,8,8,0,8,False,143.0,48.0,7.0,34.0
http://www.sjvncc.org/Admin/OpenUploadFile.aspx?UploadID=12463&OpenDialog=Y,1625,1859177,468,100,3,3,1,0,False,20984,3,0,0,4863,1,0,0,1816,1,,,6,4607360,5,0,0,0,3,0,3,,,0.0,,20.0,0.0,3.0,0.0,,,,756.0,,,0.0,0.0,5.0,1.0,0.0,0,0,0,0,0,0,0,0,0,0,,0.0,0.0,0.0,0.0
https://kidney-garden.blogspot.com/2024/07/teacher-cardigans-in-my-etsy-shop.html,1856,4795247,359,100,33,999,27,4,True,66219,8,2013550,39,2506235,79,67168,4,128949,22,,,157,0,24,0,28,40,40,0,49,20.0,576.0,1131.0,532.0,436.0,216201.0,4.0,4.0,905.0,972.0,905.0,764.0,,,6.0,92.0,146.0,1.0,10.0,1,1,0,1,0,0,19,19,0,0,False,31.0,14.0,12.0,0.0
https://perdeledecor.ro/,7125,4318707,631,200,30,2108,24,2,True,143847,30,2329282,72,1543103,28,194976,7,103549,18,,,179,4842,126,0,4,0,15,0,160,11.0,514.0,523.0,422.0,595.0,0.0,19.0,1.0,1493.0,1688.0,1493.0,1332.0,,27.0,197.0,7.0,169.0,1.0,9.0,2,0,0,2,0,1,4,4,28,8,False,87.0,42.0,32.0,18.0
https://gcimport.ch/,6701,17374900,1049,100,18,462,9,1,True,122409,4,1147273,12,98938,19,162040,5,72535,3,,,56,0,22,0,0,12,17,0,27,4.0,99.0,148.0,238.0,136.0,635187.0,4.0,2.0,1813.0,2178.0,1902.0,1724.0,,24.0,11.0,1.0,54.0,0.0,2.0,1,0,0,0,0,1,16,16,0,15,False,10.0,1.0,2.0,0.0
https://www.athomepc.co.uk/solid-state-drives/,12161,1687398,10523,100,11,675,9,1,False,175728,1,1279514,49,126116,6,15308,2,85265,3,,,67,468582,53,0,0,0,14,0,53,2.0,103.0,122.0,59.0,174.0,0.0,1.0,1.0,11930.0,11930.0,11930.0,11808.0,,16.0,2.0,2.0,64.0,0.0,3.0,2,0,2,1,0,0,0,0,0,0,False,76.0,5.0,7.0,61.0
https://www.nanosonics.com.au/my-account,2695,2902530,410,100,43,817,31,6,True,91055,7,2069236,51,380762,57,307640,4,46817,11,,,172,3444,56,0,7,2,14,12,137,14.0,564.0,1133.0,452.0,333.0,42961.0,5.0,4.0,960.0,1306.0,960.0,860.0,,21.0,5.0,0.0,148.0,0.0,24.0,5,0,1,2,1,0,27,43,0,38,False,34.0,11.0,15.0,2.0
https://www.royalalex.org/,4128,7147037,367,100,30,410,21,5,False,41225,4,1725754,30,1346171,23,151000,6,16384,5,,,85,708354,26,0,2,28,5,0,50,9.0,543.0,648.0,281.0,211.0,173121.0,4.0,7.0,1524.0,1524.0,1524.0,1424.0,,2.0,5.0,29.0,72.0,0.0,13.0,4,1,0,1,1,0,12,12,0,1,False,40.0,11.0,18.0,0.0
https://profaneexistence.bandcamp.com/,2469,5051629,380,100,14,747,12,1,True,86382,2,3818986,22,1108126,27,0,0,37824,4,,,59,0,23,0,3,0,21,0,35,11.0,911.0,393.0,600.0,303.0,143891.0,2.0,5.0,968.0,1333.0,968.0,896.0,,8.0,242.0,88.0,56.0,0.0,3.0,1,0,0,0,1,0,43,43,1,0,,24.0,4.0,7.0,0.0
https://cosdebahaofficial.com/collections/all,2322,1664282,844,100,5,1403,3,0,True,76304,10,980401,72,416918,33,142308,2,47783,4,,,131,0,128,0,0,0,5,0,126,4.0,128.0,102.0,81.0,321.0,0.0,1.0,2.0,2128.0,2216.0,2128.0,2028.0,,,12.0,1.0,129.0,2.0,0.0,0,0,0,0,0,0,0,0,32,0,False,60.0,22.0,9.0,8.0
https://sakuichi.com/archives/category/news,4224,831792,2038,100,5,265,5,0,False,41613,7,447134,14,287074,6,48320,1,7648,1,,,31,0,22,0,1,22,1,0,7,1.0,134.0,123.0,62.0,298.0,44562.0,5.0,2.0,3724.0,3724.0,3840.0,3628.0,,5.0,0.0,10.0,30.0,0.0,1.0,1,0,0,3,1,0,0,0,0,0,False,21.0,6.0,6.0,1.0
https://mia.com.hk/,5851,3928875,1488,100,16,1078,13,1,True,585525,33,929063,37,1799985,9,583580,8,29707,2,,,94,2594,58,0,1,0,77,0,16,4.0,411.0,162.0,267.0,451.0,664115.0,27.0,7.0,4048.0,4048.0,4048.0,3924.0,,23.0,2.0,12.0,91.0,1.0,2.0,2,0,0,2,0,1,0,0,0,2,False,50.0,18.0,7.0,0.0
https://www.fenicehotel.it/,3672,753367,989,100,3,450,2,0,False,155372,1,535,1,467905,9,106680,6,22875,2,,,19,0,17,0,0,0,1,16,2,,,7.0,9.0,156.0,10099.0,1.0,0.0,1968.0,1968.0,2066.0,1912.0,,23.0,6.0,0.0,19.0,0.0,0.0,0,0,0,0,0,0,0,0,11,0,False,24.0,23.0,19.0,0.0
https://djistore.com.pa/productos-portatiles/?yith_wcan=1&filter_compatibilidad=osmo-360&query_type_compatibilidad=,3891,1866539,2174,100,15,2370,13,3,False,141443,56,1009843,66,445866,43,185228,4,82520,3,,,180,42994,157,0,0,0,0,0,180,6.0,370.0,307.0,335.0,504.0,2686.0,50.0,9.0,3180.0,3180.0,3537.0,3116.0,,21.0,0.0,6.0,171.0,0.0,9.0,4,0,0,2,1,1,8,8,78,5,False,104.0,44.0,11.0,9.0
https://johnson.countyclerk.us/,2712,2680953,391,100,12,609,12,1,True,149841,29,622740,34,1399954,12,474104,6,34205,1,,,85,0,68,0,2,0,8,0,75,6.0,288.0,294.0,117.0,327.0,0.0,26.0,10.0,1490.0,1490.0,1490.0,1348.0,,19.0,24.0,9.0,82.0,0.0,3.0,2,0,0,2,0,0,1,1,0,1,False,60.0,27.0,3.0,0.0
https://www.cpconstruplan.com.br/,3586,12563632,1329,100,13,397,10,1,False,356351,5,832893,9,11085686,32,279692,3,9010,4,,,55,611453,35,0,34,0,4,3,14,5.0,385.0,285.0,45.0,261.0,655787.0,5.0,0.0,2804.0,2891.0,2804.0,2728.0,,26.0,1.0,3.0,53.0,0.0,2.0,1,0,0,0,1,0,0,0,1,1,False,12.0,4.0,5.0,0.0
https://talkincslp.ca/first-words-book/,7213,3820257,3547,100,13,841,8,0,True,272328,36,1593624,58,1360584,7,506660,10,65663,3,,,119,0,92,0,1,1,9,0,108,8.0,338.0,330.0,397.0,345.0,25193.0,36.0,5.0,7047.0,7047.0,7047.0,6940.0,,6.0,42.0,1.0,118.0,0.0,1.0,2,0,0,2,1,0,5,5,0,0,False,70.0,18.0,9.0,0.0
https://mntgaiden.fandom.com/,6060,4840979,615,100,681,1585,371,1286,True,47576,5,3289676,272,432442,881,87548,5,545590,708,,,3100,686576,75,0,74,38,20,1,2967,,,,,,,,,,,,,,,,,,,,6,14,0,0,1,1,5,5,5,1,False,116.0,33.0,76.0,11.0
https://kafila.online/2025/11/04/the-day-the-colloquium-fell-silent-bureaucratic-diktat-and-the-fate-of-thought-s-m-faizan-ahmed/,1337,622919,209,100,13,1192,13,2,False,143228,15,186075,17,82557,8,121240,5,89819,8,,,53,270749,26,0,1,1,30,0,21,3.0,247.0,38.0,63.0,399.0,0.0,11.0,7.0,1350.0,1350.0,1350.0,1228.0,,15.0,13.0,14.0,51.0,0.0,2.0,0,0,0,1,0,0,1,1,2,0,False,38.0,24.0,5.0,3.0
https://medicinemusic.es/,11521,7876322,1288,100,25,3179,20,4,False,188997,52,2041190,78,666365,14,118084,3,99074,16,,,196,0,127,0,6,58,75,0,57,17.0,816.0,493.0,1010.0,476.0,16209.0,45.0,8.0,2405.0,2744.0,2744.0,2308.0,,4.0,9.0,24.0,179.0,0.0,17.0,3,0,0,0,1,0,0,0,0,1,False,94.0,34.0,13.0,6.0
https://www.neaims.go.ke/,3294,714434,1943,100,1,347,1,0,False,47866,4,24050,4,634438,18,0,0,8080,1,,,27,0,26,0,0,0,2,0,25,1.0,21.0,9.0,2.0,73.0,349571.0,4.0,2.0,3054.0,3248.0,3054.0,2908.0,,2.0,0.0,0.0,25.0,2.0,0.0,0,0,0,0,0,0,12,12,0,0,False,9.0,5.0,0.0,0.0
https://www.pokeaimmd.com/,3296,3152564,219,100,31,176,25,2,False,122547,5,2113051,36,345489,16,255568,13,130417,21,,,102,0,14,0,9,9,22,0,62,14.0,766.0,619.0,626.0,355.0,4970.0,4.0,13.0,2439.0,2439.0,2439.0,2428.0,,6.0,1.0,19.0,88.0,0.0,14.0,0,1,0,1,1,0,1,1,0,0,False,34.0,17.0,5.0,1.0
https://e-jurnal.stikes-isfi.ac.id/index.php/index/index,2746,1064304,1413,100,2,136,2,1,True,18161,3,133776,9,596236,5,312036,2,4095,1,,,22,0,20,0,2,3,13,0,4,2.0,123.0,138.0,3.0,86.0,133339.0,3.0,0.0,2485.0,2640.0,2485.0,2412.0,,5.0,0.0,1.0,20.0,0.0,2.0,1,0,0,0,0,0,2,2,0,0,False,8.0,1.0,0.0,1.0
https://mobiusmotors.com/,3221,3480190,468,100,17,333,12,4,True,74740,26,1613654,58,1560916,12,216092,5,14029,5,,,117,0,76,0,5,0,23,0,89,3.0,110.0,287.0,254.0,97.0,23817.0,16.0,22.0,1636.0,1636.0,1636.0,1516.0,,7.0,2.0,3.0,111.0,0.0,6.0,1,0,0,1,0,0,13,13,0,0,,52.0,21.0,9.0,4.0
https://www.universaltoptan.com/urun/universal-extra-nitril-is-eldiveni,10475,1714123,8608,100,6,1264,7,0,False,201093,19,623387,17,455352,23,391396,7,39960,2,,,71,0,57,0,1,0,4,0,66,2.0,0.0,87.0,58.0,228.0,43833.0,19.0,14.0,10300.0,10300.0,10526.0,10212.0,,36.0,1.0,139.0,70.0,0.0,1.0,1,0,0,1,0,0,26,26,0,0,False,25.0,8.0,3.0,0.0
https://co-josephine-or.smartgovcommunity.com/,2104,1926699,618,100,14,285,12,1,False,97558,18,772335,42,933312,7,96340,2,21184,2,,,75,15216,56,0,2,0,5,0,68,1.0,6.0,146.0,34.0,75.0,765772.0,17.0,33.0,1930.0,1930.0,2033.0,1808.0,,26.0,26.0,2.0,73.0,0.0,2.0,2,0,0,1,0,0,1,1,0,1,,,,,
https://juveternal.mercadoshops.com.mx/,5058,2150792,717,100,21,1276,14,1,True,161759,7,1461111,44,311069,21,72861,5,143503,4,,,88,0,58,0,0,1,6,0,81,10.0,347.0,512.0,290.0,63.0,0.0,7.0,2.0,1816.0,1816.0,1816.0,1708.0,,11.0,5.0,0.0,85.0,0.0,3.0,2,0,0,0,0,1,37,37,0,4,True,49.0,12.0,10.0,32.0
https://www.usepramar.com.br/,6536,3626693,1144,100,23,1448,21,1,True,45569,5,1176493,37,2338844,53,46620,2,17558,7,,,125,13719,68,0,5,69,5,1,45,6.0,266.0,397.0,391.0,265.0,0.0,5.0,0.0,2217.0,2217.0,2217.0,2144.0,,17.0,6.0,1.0,120.0,1.0,4.0,3,0,0,0,1,1,5,5,3,2,False,46.0,10.0,22.0,5.0
https://partsmotoracing.com/produit/paire-de-radiateurs-honda-crf-250-r-2022-22-2023-23-2024-24-kit-durite/,3872,4700716,2341,100,40,1251,32,4,False,87461,32,2761394,106,982496,27,27988,3,734426,24,,,278,385185,57,0,10,0,91,18,159,31.0,2330.0,863.0,1616.0,590.0,0.0,22.0,3.0,3354.0,3466.0,3583.0,3212.0,,4.0,39.0,8.0,268.0,0.0,10.0,0,0,1,1,0,0,1,1,8,1,False,132.0,47.0,11.0,14.0
https://www.architecte.paysagiste-olea.fr/bureau-d-etude-en-paysage-thonon-les-bains/,2138,4251815,515,100,8,855,8,0,False,251269,61,1288341,66,1958386,9,704507,2,49312,2,,,142,0,128,0,0,2,130,0,10,5.0,205.0,287.0,156.0,231.0,453296.0,56.0,6.0,1799.0,1799.0,1799.0,1740.0,,,5.0,2.0,141.0,0.0,1.0,2,0,0,1,0,0,0,0,0,0,,91.0,30.0,9.0,2.0
https://cosmocare.eu/,3711,2163375,321,100,4,354,3,0,False,47654,2,98272,2,1817035,16,194507,5,5481,1,,,27,0,20,0,0,0,6,0,21,3.0,80.0,19.0,33.0,163.0,128273.0,2.0,1.0,1510.0,1868.0,1779.0,1408.0,,2.0,18.0,71.0,27.0,0.0,0.0,0,0,0,0,0,0,8,8,0,1,False,3.0,1.0,0.0,0.0
https://talentodigital.do/estado,1484,1121236,331,100,17,118,10,3,False,60084,2,849555,20,144015,7,15344,1,52182,4,,,38,0,19,0,0,1,4,0,33,6.0,150.0,238.0,277.0,134.0,0.0,2.0,1.0,628.0,714.0,628.0,544.0,,3.0,2.0,0.0,31.0,1.0,6.0,1,0,0,0,0,1,1,1,0,0,False,7.0,3.0,4.0,0.0
https://www.linustock.com/,9308,2173700,1000,100,506,764,329,1028,False,14756,2,1322531,175,352968,602,10480,1,427336,561,,,2514,104448,102,0,43,24,66,7,2374,,,,,,,,,,,,,,,,,,,,3,11,0,1,1,0,79,16,0,5,,53.0,12.0,34.0,1.0
https://ga01903614.schoolwires.net/,4778,4932432,574,100,21,2111,17,0,True,336279,20,1205292,46,2464920,28,512200,4,408719,3,,,114,337449,58,0,1,0,7,0,106,9.0,1263.0,401.0,245.0,412.0,241467.0,14.0,17.0,1988.0,1988.0,2444.0,1920.0,,16.0,81.0,3.0,109.0,0.0,5.0,2,0,0,1,0,0,20,20,0,1,False,129.0,86.0,16.0,0.0
https://zabeeha.org/,1537,460390,443,100,9,271,4,0,False,70430,16,104287,21,128278,3,140284,5,15613,1,,,48,0,40,0,0,36,3,0,9,2.0,109.0,42.0,15.0,215.0,0.0,14.0,6.0,1444.0,1444.0,1629.0,1324.0,,15.0,0.0,2.0,48.0,0.0,0.0,0,0,0,1,0,0,4,4,0,0,False,36.0,15.0,1.0,6.0
https://webmail.ntin.net/,1291,193196,490,100,3,65,2,0,False,13343,1,0,0,173634,4,0,0,6219,1,,,6,0,4,0,0,0,4,0,2,,,1.0,1.0,16.0,0.0,1.0,0.0,845.0,1102.0,845.0,768.0,,2.0,1.0,0.0,6.0,0.0,0.0,0,0,0,0,0,0,0,0,0,0,False,1.0,1.0,0.0,0.0
https://www.steinach.de/,3640,1631391,1363,200,2,1815,1,1,False,161182,4,178952,11,446909,11,835636,7,8174,2,,,36,97828,35,0,23,0,0,0,13,2.0,131.0,37.0,64.0,265.0,16132.0,4.0,8.0,3459.0,3459.0,3558.0,3320.0,,11.0,2.0,51.0,34.0,0.0,2.0,1,0,0,0,0,0,11,11,0,7,False,13.0,2.0,2.0,2.0
https://ecopro56.com/,5180,5511445,848,100,9,743,7,1,True,67785,6,973719,37,4260875,24,158853,6,49737,2,,,78,10356,62,0,0,0,67,0,11,4.0,193.0,154.0,218.0,295.0,41463.0,2.0,2.0,1761.0,1868.0,1761.0,1624.0,,22.0,4.0,4.0,76.0,0.0,2.0,2,0,0,1,0,0,7,7,0,0,False,61.0,25.0,13.0,26.0
https://blogs.grameight.com/,2686,2516628,765,100,16,679,14,3,False,66028,11,898400,18,1525623,23,8484,1,18090,4,,,67,0,34,0,1,34,2,0,30,8.0,540.0,394.0,230.0,458.0,0.0,10.0,0.0,1889.0,1889.0,1889.0,1836.0,,,7.0,53.0,57.0,0.0,10.0,3,0,0,0,1,0,0,0,0,0,False,24.0,6.0,14.0,0.0
https://goldenstatechallenge.com/,7409,10414127,194,100,13,2017,14,1,True,235544,62,707392,48,2264007,63,344168,7,74683,2,,,191,25696001,171,0,4,0,4,0,183,13.0,912.0,655.0,520.0,717.0,0.0,42.0,4.0,1343.0,1343.0,1343.0,1244.0,,8.0,15.0,7.0,182.0,0.0,9.0,3,0,0,1,1,0,1,1,98,38,False,58.0,19.0,10.0,0.0
https://www.ophtapharm.ch/,6241,7264150,735,100,21,402,18,1,False,133980,15,1384464,37,5476296,22,198176,4,70868,4,,,89,0,42,0,5,42,23,0,19,6.0,493.0,231.0,504.0,312.0,54099.0,13.0,5.0,1658.0,1658.0,1658.0,1532.0,,6.0,2.0,206.0,87.0,0.0,2.0,0,0,0,2,0,0,25,25,0,2,False,31.0,13.0,1.0,0.0
https://www.seoandwebservice.com/,2238,862555,227,200,6,26,4,0,True,42506,1,709427,4,5194,5,30896,2,49535,3,,,16,0,6,0,0,4,5,0,7,4.0,149.0,146.0,215.0,98.0,0.0,1.0,1.0,474.0,,474.0,312.0,,,1.0,0.0,15.0,1.0,0.0,0,0,0,0,0,0,0,0,0,0,,3.0,1.0,2.0,1.0
https://livart.pl/osrodek-psychoterapii-livart-w-poznaniu/,3317,733195,2085,100,1,588,1,0,False,9218,1,1613,1,546782,7,141643,11,33939,2,,,22,0,21,0,0,0,3,6,13,2.0,96.0,5.0,9.0,257.0,0.0,0.0,1.0,2341.0,2341.0,2415.0,2276.0,,18.0,5.0,0.0,22.0,0.0,0.0,1,0,0,0,0,0,0,0,6,0,False,27.0,26.0,21.0,0.0
https://city-polster.de/category/schlafzimmer-betten,6189,1477344,3776,100,8,832,7,0,False,125291,2,808672,58,159108,19,332368,5,26921,2,,,90,11932,59,0,3,0,17,0,70,5.0,145.0,29.0,265.0,341.0,31043.0,2.0,1.0,4914.0,5016.0,6965.0,4816.0,,72.0,0.0,92.0,90.0,0.0,0.0,0,0,0,0,0,0,17,17,0,0,,17.0,4.0,11.0,0.0
